[
  {
    "id": 1,
    "name": "Location 1",
    "lat": 35.711130,
    "lng": 51.381456
  },
  {
    "id": 2,
    "name": "Location 2",
    "lat": 35.661218,
    "lng": 51.415611
  },
  {
    "id": 3,
    "name": "Location 3",
    "lat": 35.695462,
    "lng": 51.403872
  },
  {
    "id": 4,
    "name": "Location 4",
    "lat": 35.675834,
    "lng": 51.389721
  },
  {
    "id": 5,
    "name": "Location 5",
    "lat": 35.702317,
    "lng": 51.357423
  },
  {
    "id": 6,
    "name": "Location 6",
    "lat": 35.687902,
    "lng": 51.419512
  },
  {
    "id": 7,
    "name": "Location 7",
    "lat": 35.703145,
    "lng": 51.378654
  },
  {
    "id": 8,
    "name": "Location 8",
    "lat": 35.670512,
    "lng": 51.402134
  },
  {
    "id": 9,
    "name": "Location 9",
    "lat": 35.712005,
    "lng": 51.395276
  },
  {
    "id": 10,
    "name": "Location 10",
    "lat": 35.680423,
    "lng": 51.372311
  },
  {
    "id": 11,
    "name": "Location 11",
    "lat": 35.699212,
    "lng": 51.429045
  },
  {
    "id": 12,
    "name": "Location 12",
    "lat": 35.674812,
    "lng": 51.345266
  },
  {
    "id": 13,
    "name": "Location 13",
    "lat": 35.681256,
    "lng": 51.412378
  },
  {
    "id": 14,
    "name": "Location 14",
    "lat": 35.692107,
    "lng": 51.359612
  },
  {
    "id": 15,
    "name": "Location 15",
    "lat": 35.706311,
    "lng": 51.384123
  },
  {
    "id": 16,
    "name": "Location 16",
    "lat": 35.668921,
    "lng": 51.396432
  },
  {
    "id": 17,
    "name": "Location 17",
    "lat": 35.701245,
    "lng": 51.427184
  },
  {
    "id": 18,
    "name": "Location 18",
    "lat": 35.689752,
    "lng": 51.365472
  },
  {
    "id": 19,
    "name": "Location 19",
    "lat": 35.677823,
    "lng": 51.417583
  },
  {
    "id": 20,
    "name": "Location 20",
    "lat": 35.707412,
    "lng": 51.371924
  },
  {
    "id": 21,
    "name": "Location 21",
    "lat": 35.683612,
    "lng": 51.401367
  },
  {
    "id": 22,
    "name": "Location 22",
    "lat": 35.695314,
    "lng": 51.410276
  },
  {
    "id": 23,
    "name": "Location 23",
    "lat": 35.671234,
    "lng": 51.390512
  },
  {
    "id": 24,
    "name": "Location 24",
    "lat": 35.708321,
    "lng": 51.379425
  },
  {
    "id": 25,
    "name": "Location 25",
    "lat": 35.690512,
    "lng": 51.388731
  },
  {
    "id": 26,
    "name": "Location 26",
    "lat": 35.676245,
    "lng": 51.413256
  },
  {
    "id": 27,
    "name": "Location 27",
    "lat": 35.709412,
    "lng": 51.353612
  },
  {
    "id": 28,
    "name": "Location 28",
    "lat": 35.685312,
    "lng": 51.395421
  },
  {
    "id": 29,
    "name": "Location 29",
    "lat": 35.697623,
    "lng": 51.368742
  },
  {
    "id": 30,
    "name": "Location 30",
    "lat": 35.672514,
    "lng": 51.421345
  },
  {
    "id": 31,
    "name": "Location 31",
    "lat": 35.701342,
    "lng": 51.376512
  },
  {
    "id": 32,
    "name": "Location 32",
    "lat": 35.679482,
    "lng": 51.387924
  },
  {
    "id": 33,
    "name": "Location 33",
    "lat": 35.704512,
    "lng": 51.399612
  },
  {
    "id": 34,
    "name": "Location 34",
    "lat": 35.677912,
    "lng": 51.364123
  },
  {
    "id": 35,
    "name": "Location 35",
    "lat": 35.708214,
    "lng": 51.402563
  },
  {
    "id": 36,
    "name": "Location 36",
    "lat": 35.683142,
    "lng": 51.374123
  },
  {
    "id": 37,
    "name": "Location 37",
    "lat": 35.696312,
    "lng": 51.418742
  },
  {
    "id": 38,
    "name": "Location 38",
    "lat": 35.671842,
    "lng": 51.392174
  },
  {
    "id": 39,
    "name": "Location 39",
    "lat": 35.705812,
    "lng": 51.386512
  },
  {
    "id": 40,
    "name": "Location 40",
    "lat": 35.680124,
    "lng": 51.410214
  },
  {
    "id": 41,
    "name": "Location 41",
    "lat": 35.693612,
    "lng": 51.380421
  },
  {
    "id": 42,
    "name": "Location 42",
    "lat": 35.676512,
    "lng": 51.416731
  },
  {
    "id": 43,
    "name": "Location 43",
    "lat": 35.707514,
    "lng": 51.361842
  },
  {
    "id": 44,
    "name": "Location 44",
    "lat": 35.682412,
    "lng": 51.393256
  },
  {
    "id": 45,
    "name": "Location 45",
    "lat": 35.698712,
    "lng": 51.408412
  },
  {
    "id": 46,
    "name": "Location 46",
    "lat": 35.673812,
    "lng": 51.374842
  },
  {
    "id": 47,
    "name": "Location 47",
    "lat": 35.708612,
    "lng": 51.407123
  },
  {
    "id": 48,
    "name": "Location 48",
    "lat": 35.684512,
    "lng": 51.366512
  },
  {
    "id": 49,
    "name": "Location 49",
    "lat": 35.667411,
    "lng": 51.436285
  },
  {
    "id": 50,
    "name": "Location 50",
    "lat": 35.681211,
    "lng": 51.437296
  }
]
